samolot;data;trasa;premier
EMB;30.11.2015;WAW-BRU-LBG-WAW;PBS
EMB;03.12.2015;WAW-PRG-KRK;PBS
EMB;18.12.2015;WAW-BRU-WAW;PBS
EMB;19.01.2016;WAW-SXB-WAW;PBS
EMB;02.02.2016;WAW-OSL-WAW;PBS
EMB;04.02.2016;WAW-LBG-STN-WAW;PBS
EMB;08.02.2016;WAW-BUD-WAW;PBS
EMB;12.02.2016;WAW-TXL-KRK;PBS
EMB;15.02.2016;KRK-PRG-WAW;PBS
EMB;20.02.2016;WAW-BRU-KTW;PBS
EMB;08.03.2016;WAW-BRU-WAW;PBS
EMB;18.03.2016;WAW-BRU-KRK;PBS
EMB;30.03.2016;WAW-RZE-WAW;PBS
EMB;04.04.2016;WAW-SZZ-WAW;PBS
W-3 Sokół;12.04.2016;EPWA-EPKK-EPWA;PBS
EMB;15.04.2016;WAW-POZ-KRK;PBS
EMB;18.04.2016;WAW-KRK-WAW;PBS
W-3 Sokół;28.04.2016;EPWA-EPST-EPWA;PBS
EMB;13.05.2016;WAW-CIA-KRK;PBS
W-3 Sokół;19.05.2016;EPWA-EPKK-EPWA;PBS
EMB;23.05.2016;KRK-IST-WAW;PBS
EMB;08.06.2016;WAW-PRG-SZZ;PBS
CASA;09.06.2016;EPSC-EPWA;PBS
EMB;18.06.2016;WAW-SZZ-KRK;PBS
EMB;22.06.2016;WAW-TXL-WAW;PBS
W-3 Sokół;24.06.2016;EPWA-EPKK;PBS
EMB;29.06.2016;WAW-BRU-WAW;PBS
W-3 Sokół;11.07.2016;EPKK-EPWA-EPKK;PBS
B-737 czarter;16.07.2016;WAW-ULN-WAW;PBS
W-3 Sokół;16.07.2016;EPWA-EPKK;PBS
W-3 Sokół;19.07.2016;EPKK-EPWA;PBS
W-3 Sokół;22.07.2016;EPWA-EPKK;PBS
W-3 Sokół;25.07.2016;EPKK-EPWA;PBS
W-3 Sokół;26.07.2016;EPWA-EPKK;PBS
EMB;28.07.2016;WAW-KTW;PBS
W-3 Sokół;01.08.2016;EPWA-Jurata;PBS
W-3 Sokół;01.08.2016;EPKK-EPWA;PBS
W-3Sokół/CASA;05.08.2016;EPGD-EPWA-EPKK-EPGD;PBS
CASA;15.08.2016;EPKK-EPWA;PBS
CASA;16.08.2016;EPWA-EPKK;PBS
CASA;19.08.2016;EPKK-EPSC-EPKK;PBS
CASA;22.08.2016;EPKK-EPWA;PBS
EMB;27.08.2016;WAW-SCV-GDN;PBS
CASA;28.08.2016;EPGD-EPWA;PBS
CASA;30.08.2016;EPWA-EPGD;PBS
CASA;01.09.2016;EPGD-EPKK;PBS
CASA;04.09.2016;EPKK-EPWA;PBS
CASA;08.09.2016;EPKK-EPWA;PBS
CASA;10.09.2016;EPWA-EPKK-EPWA;PBS
EMB;16.09.2016;WAW-BTS-KRK;PBS
CASA;19.09.2016;EPKK-EPWA;PBS
CASA;26.09.2016;EPWA-EPKK-EPWA;PBS
CASA;01.10.2016;EPWA-EPKK;PBS
EMB;03.10.2016;KRK-IEG-WAW;PBS
EMB;05.10.2016;WAW-KRK-WAW;PBS
CASA;07.10.2016;EPWA-EPKK;PBS
CASA;09.10.2016;EPKK-EPWA;PBS
CASA;10.10.2016;EPWA-EPLB-EPRZ-EPWA;PBS
CASA;12.10.2016;EPWA-EPKT-EPZG;PBS
CASA;18.10.2016;EPWA-EPKK-EPWA;PBS
EMB;21.10.2016;WAW-BRU-KRK;PBS
CASA;24.10.2016;EPKK-EPWA;PBS
CASA;28.10.2016;EPWA-EPKK;PBS
CASA;02.11.2016;EPKK-EPWA;PBS
EMB;05.11.2016;WAW-RIX-WAW;PBS
EMB;07.11.2016;WAW-RZE-WAW;PBS
EMB;11.11.2016;WAW-KRK;PBS
CASA;14.11.2016;EPKK-EPWA;PBS
CASA;17.11.2016;EPWA-EPRZ-EPWA;PBS
EMB;22.11.2016;WAW-TLV-WAW;PBS
CASA;27.11.2016;EPKK-EPWA;PBS
EMB;29.11.2016;WAW-LTN-WAW;PBS
EMB;30.11.2016;WAW-WRO-WAW;PBS
EMB;02.12.2016;WAW-KTW;PBS
CASA;05.12.2016;EPKT-EPWA;PBS
EMB;08.12.2016;WAW-KRK;PBS
EMB;09.12.2016;KRK-TIA-WAW;PBS
EMB;12.12.2016;WAW-KTW-WAW;PBS
EMB;14.12.2016;WAW-RZE-WAW;PBS
EMB;16.12.2016;WAW-BRU-WAW;PBS
CASA;17.12.2016;EPWA-EPKT;PBS
CASA;18.12.2016;EPKK-EPWA;PBS
CASA;21.12.2016;EPWA-EPKK;PBS
CASA;28.12.2016;EPKK-EPWA;PBS
CASA;29.12.2016;EPWA-EPKK;PBS
CASA;02.01.2017;EPKK-EPWA;PBS
CASA;05.01.2017;EPWA-EPKT;PBS
CASA;08.01.2017;EPKK-EPWA;PBS
EMB;14.01.2017;WAW-WRO-KRK;PBS
CASA;17.01.2017;EPKK-EPWA;PBS
CASA;26.01.2017;EPWA-EPKK;PBS
CASA;30.01.2017;EPRZ-EPWA;PBS
EMB;03.02.2017;WAW-POZ-MLA-WAW;PBS
EMB;08.02.2017;WAW-RTM-WAW;PBS
CASA;10.02.2017;EPWA-EPKK;PBS
EMB;10.03.2017;WAW-BRU-WAW;PBS
CASA;14.03.2017;EPKK-EPWA;PBS
CASA;17.03.2017;EPWA-EPKK;PBS
CASA;20.03.2017;EPKK-EPWA;PBS
EMB;25.03.2017;WAW-CIA-WAW;PBS
CASA;01.04.2017;EPBY-EPKK;PBS
CASA;04.04.2017;EPKK-EPWA;PBS
CASA;18.04.2017;EPKK-EPWA;PBS
EMB;24.04.2017;WAW-HAJ-WAW;PBS
EMB;29.04.2017;WAW-BRU-KRK;PBS
CASA;03.05.2017;EPKK-EPWA-EPKK;PBS
CASA;05.05.2017;EPKK-EPWA;PBS
CASA;07.05.2017;EPWA-EPKK-EPWA;PBS
EMB;08.05.2017;WAW-TLL-WAW;PBS
W-3 Sokół;19.05.2017;EPWA-EPKK-EPWA;PBS
CASA;29.05.2017;EPKK-EPWA;PBS
EMB;31.05.2017;WAW-KRK;PBS
CASA;01.06.2017;EPKT-EPWA;PBS
CASA;03.06.2017;EPWA-EPKK;PBS
EMB;06.06.2017;WAW-KRK-WAW;PBS
EMB;08.06.2017;WAW-SZZ-WAW;PBS
EMB;09.06.2017;WAW-CPH-KRK;PBS
EMB;14.06.2017;WAW-KRK;PBS
CASA;18.06.2017;EPKK-EPWA;PBS
EMB;23.06.2017;WAW-BRU-KRK;PBS
EMB;04.07.2017;WAW-BUD-WAW;PBS
CASA;07.07.2017;EPWA-EPKK;PBS
CASA;12.07.2017;EPKK-EPWA;PBS
CASA;13.07.2017;EPWA-EPKK;PBS
CASA;17.07.2017;EPKK-EPWA;PBS
EMB;19.07.2017;WAW-BUD-WAW;PBS
CASA;21.07.2017;EPWA-EPKK;PBS
CASA;24.07.2017;EPKK-EPWA;PBS
EMB;26.07.2017;WAW-KRK-WAW;PBS
W-3 Sokół;15.08.2017;Jurata-EPWA-EPGD;PBS
EMB;23.08.2017;KRK-POZ-WAW;PBS
CASA;28.08.2017;EPWA-EPKK-EPWA;PBS
EMB;29.08.2017;WAW-KTW-WAW;PBS
EMB;04.09.2017;RZE-WAW;PBS
EMB;06.09.2017;WAW-KRK-WAW;PBS
CASA;08.09.2017;EPWA-EPKK;PBS
CASA;11.09.2017;EPKK-EPWA;PBS
CASA;15.09.2017;EPWA-EPKK;PBS
CASA;18.09.2017;EPKK-EPWA;PBS
EMB;20.09.2017;WAW-SOF-WAW;PBS
CASA;25.09.2017;EPKK-EPWA;PBS
EMB;29.09.2017;WAW-TLL-KRK;PBS
CASA;02.10.2017;EPKK-EPWA;PBS
EMB;09.10.2017;KRK-WAW;PBS
CASA;13.10.2017;EPWA-LZIB-EPKK;PBS
EMB;20.10.2017;WAW-BRU-KRK;PBS
CASA;23.10.2017;EPKK-EPWA;PBS
CASA;31.10.2017;EPWA-EPKK;PBS
CASA;05.11.2017;EPKK-EPWA;PBS
EMB;11.11.2017;WAW-KRK;PBS
EMB;12.11.2017;KRK-WAW;PBS
EMB;16.11.2017;WAW-RZE;PBS
CASA;20.11.2017;EPKK-EPWA;PBS
EMB;23.11.2017;WAW-LBG-WAW;PBS
EMB;24.11.2017;WAW-BRU-KRK;PBS
EMB;26.11.2017;KRK-BZG-WAW;PBS
EMB;27.11.2017;WAW-BUD-WAW;PBS
CASA;01.12.2017;EPWA-EPKT;PBS
CASA;03.12.2017;EPKK-EPWA;PBS
EMB;08.12.2017;WAW-KRK;PBS
CASA;10.12.2017;EPKK-EPWA;PBS
TU;30.11.2007;EPWA-EYVI-EPWA;PDT
TU;01.12.2007;EPWA-EPGD-EPWA;PDT
TU;03.12.2007;EPWA-EPGD-EPKT-EPKT;PDT
TU;07.12.2007;EPWA-Rzym-EPGD-EPWA;PDT
TU;10.12.2007;EPWA-EPGD-LKMT-EPAW;PDT
TU;11.12.2007;EPWA-Berlin-EPWA;PDT
TU;14.12.2007;EPWA-Paryż-LPPT-Bruksela-EPGD-EPWA;PDT
TU;19.12.2007;Irak;PDT
TU;21.12.2007;EPWA-EPWR;PDT
TU;10.01.2008;EPWA-LKPR-EPWA;PDT
TU;18.01.2008;EPWA-LZIB-EPWA;PDT
TU;24.01.2008;EPWA-EPSZ-EPWA;PDT
TU;08.02.2008;EPWA-Moskwa-EPGD-EPWA;PDT
W3;18.02.2008;EPGD-Świdwin-EPWA;PDT
YK;22.02.2008;EPWA-EPGD-EPWA;PDT
YK;24.02.2008;EPGD-EPWA;PDT
YK;01.03.2008;EPWA-EPGD;PDT
YK;09.03.2008;EPGD-EPWA;PDT
TU;14.03.2008;EPWA-EPGD;PDT
TU;20.03.2008;EPWA-LJLJ-EPGD-EPWA;PDT
TU;28.03.2008;EPWA-Kijów-EPGD-EPWA;PDT
YK;31.03.2008;EPWA-EPGD-EPWA;PDT
YK;04.04.2008;EPWA-EPGD;PDT
TU;10.04.2008;EPWA- LLBG-EPWA;PDT
YK;18.04.2008;EPWA-EPGD;PDT
YK;25.04.2008;EPWA-EPGD;PDT
YK;30.04.2008;EPWA-EPGD;PDT
YK;02.05.2008;EPWA-EPGD;PDT
YK;09.05.2008;EPWA-EPGD;PDT
YK;12.05.2008;EPGD-EPWA;PDT
TU;20.05.2008;EPWA-Lima-Santiago de Chile-EPWA;PDT
YK;23.05.2008;EPGD-EPWA-EPGD;PDT
TU;24.05.2008;EPWA-LSGG-EPWA;PDT
YK;04.06.2008;EPWA-EVRA-EPWA;PDT
YK;13.06.2008;EPWA-EPGD;PDT
TU;16.06.2008;EPWA-LKPR-EPGD-EPWA;PDT
YK;20.06.2008;EPWA-Bruksela-EPGD-EPWA;PDT
YK;27.06.2008;EPWA-EPGD;PDT
YK;04.07.2008;EPWA-EPGD;PDT
YK;11.07.2008;EPWA-EPGD-EPWA;PDT
YK;18.07.2008;EPWA-EPGD;PDT
YK;21.07.2008;EPGD-EPWA;PDT
YK/Bell;26.07.2008;EPWA-EPKK-Nowy Targ-EPKK-EPWA;PDT
Bell;30.07.2008;EPWA-Łódź-EPWA;PDT
YK;03.08.2008;EPGD-EPKK-EPGD;PDT
Bell;08.08.2008;EPWA-LKMT;PDT
YK;08.08.2008;EPWA-EPGD;PDT
YK;14.08.2008;EPWA-EPGD;PDT
YK;16.08.2008;EPWA-EPGD-EPKT-EPGD-EPWA;PDT
TU;23.08.2008;Irak;PDT
YK/Bell;29.08.2008;EPWA-EPGD-EPSK-EPGD;PDT
TU;01.09.2008;EPWA-EPGD-Bruksela-EPWA;PDT
YK;03.09.2008;EPWA-EPKK-EPWA;PDT
YK;05.09.2008;EPWA-EDDG-EPGD-EPWA;PDT
Bell;08.09.2008;EPGD-Gołdap-EPWA;PDT
Bell;10.09.2008;EPWA-Krynica (Krzyżówka)-EPWA;PDT
TU;17.09.2008;EPWA-Sztokcholm-EPWA;PDT
Bell;18.09.2008;EPWA-Strzelce Op.-EPWA;PDT
TU;19.09.2008;EPWA-EPGD- Kijów-EPWA-EPWR;PDT
YK;03.10.2008;EPWA-EPGD;PDT
TU;08.10.2008;EPWA-Sewilla-EPWA;PDT
YK;09.10.2008;Paryż Berlin Waw;PDT
YK;17.10.2008;EPWA-EPGD;PDT
TU;26.10.2008;WAW-Szanghaj-Pekin-EPGD-EPWA;PDT
YK;31.10.2008;EPWA-EPGD;PDT
TU;07.11.2008;EPWA-Bruksela-EPWA;PDT
YK;07.11.2008;EPWA-EPGD;PDT
YK;10.11.2008;EPGD-EPWA;PDT
TU;12.11.2008;EPWA-Frankfurt-EPWA;PDT
YK;15.11.2008;EPWA-EPGD;PDT
TU;19.11.2008;EPWA-EPGD-Kuwejt-Doha-EPWA;PDT
YK;22.11.2008;EPWA-EPGD;PDT
TU;24.11.2008;EPWA-Londyn-EPWA;PDT
YK;25.11.2008;EPGD-EPWA;PDT
YK;28.11.2008;EPWA-EPPO-EPGD;PDT
YK;30.11.2008;EPGD-EPWA-EPGD;PDT
YK;01.12.2008;EPWA-EPGD-EPPO-EPWA;PDT
YK;03.12.2008;EPWA-EPKK;PDT
YK;04.12.2008;EPKT-EPWA;PDT
TU;12.12.2008;EPWA-Bruksela-EPWA;PDT
YK;12.12.2008;EPWA-EPGD;PDT
YK;17.12.2008;EPWA-EPKT-EPWA;PDT
YK;19.12.2008;EPWA-EPGD;PDT
Bell;20.12.2008;EPGD-Radzikowo-EPGD;PDT
YK;23.12.2008;EPWA-EPGD;PDT
YK;27.12.2008;EPGD-EPPO-EPGD;PDT
YK;30.12.2008;EPWA-EPGD;PDT
YK;09.01.2009;EPWA-Werona-Bratysława-Werona-EPWA;PDT
YK;16.01.2009;EPWA-EPGD;PDT
YK;23.01.2009;EPWA-EPGD;PDT
TU;29.01.2009;EPWA-Zurich-EPWA;PDT
YK;31.01.2009;EPWA-EPGD;PDT
YK;01.02.2009;EPWA-EPGD;PDT
TU;07.02.2009;EPWA-Monachium-EPGD-EPWA;PDT
YK;10.02.2009;EPWA-EPGD-EPWA;PDT
YK;12.02.2009;EPWA-EPGD-EPWA;PDT
YK;15.02.2009;EPGD-EPWA;PDT
TU;19.02.2009;EPWA-EPKK-EPWA;PDT
YK;20.02.2009;EPWa-EPGD;PDT
YK;28.02.2009;EPWA-EPGD-Hamburg-EPGD-EPWA;PDT
YK;06.03.2009;EPWA-EPGD;PDT
YK;13.03.2009;EPWA-EPGD;PDT
TU;20.03.2009;Waw Bruksela Waw;PDT
YK;21.03.2009;EPWA-Radom-EPGD;PDT
Bell;30.03.2009;EPGD-Olecko-EPWA;PDT
YK;04.04.2009;EPWA-EPGD-EPWA-EPWR;PDT
YK;05.04.2009;EPWA-EPWR-Praga-EPGD-EPWA;PDT
YK;06.04.2009;EPGD-EPWA;PDT
YK;09.04.2009;EPGD-EPWA;PDT
YK;09.04.2009;EPWA-EPGD;PDT
YK;14.04.2009;EPGD-EPWA;PDT
YK;15.04.2009;EPWA-EPKT;PDT
YK;17.04.2009;EPWA-Tallin-Helsinki-EPGD-EPWA;PDT
YK;24.04.2009;EPWA-EPGD;PDT
YK;26.04.2009;EPGD-EWWA;PDT
YK;30.04.2009;EPWA-EPGD;PDT
YK;03.05.2009;EPGD-EPWA;PDT
TU;07.05.2009;EPWA-Praga-EPWA;PDT
YK;09.05.2009;EPWA-EPPO-EPGD;PDT
YK;19.05.2009;EPGD-EPWA;PDT
YK;22.05.2009;EPWA-EPGD;PDT
W3;31.05.2009;EPWA-Kazimierz Biskupi;PDT
W3;01.06.2009;EPWA-Poniatowa-EPWA;PDT
W3;02.06.2009;EPWA-Turbia-EPWA;PDT
YK;03.06.2009;EPWA-EPKK;PDT
YK;04.06.2009;EPKK-EPWA;PDT
TU;04.06.2009;EPWA-EPKK-EPGD;PDT
YK;05.06.2009;EPWA-EPKT-EPGD;PDT
YK;05.06.2009;EPGD-EPWA;PDT
YK;07.06.2009;EPGD-EPWA;PDT
TU;18.06.2009;EPWA-Bruksela-EPGD-EPWA;PDT
YK;26.06.2009;EPWA-EPGD;PDT
YK/W3;29.06.2009;EPWR-EPWA;PDT
YK;03.07.2009;EPWA-EPGD;PDT
W3;04.07.2009;EPGD-Pomysk Wlk.-EPGD;PDT
W3;08.07.2009;EPWA-Łyse-EPWA;PDT
TU;10.07.2009;EPWA- Kijów-EPWA-EPGD;PDT
TU;12.07.2009;EPWA-EPGD-Osnabruck-EPGD-EPWA;PDT
YK;13.07.2009;EPGD-EPWA;PDT
YK;17.07.2009;EPWA-EPGD;PDT
YK;24.07.2009;EPWA-EPGD;PDT
YK;01.08.2009;EPWA-EPGD;PDT
YK;13.08.2009;EPWA-EPKT-EPWA;PDT
YK;15.08.2009;EPWA-EPGD;PDT
W3;18.08.2009;EPWA-Jarocin-EPWA;PDT
YK;21.08.2009;EPWA-EPGD;PDT
YK;31.08.2009;EPWA-EPGD;PDT
YK;31.08.2009;EPGD-EPWA;PDT
YK;31.08.2009;EPWA-EPGD;PDT
YK;02.09.2009;EPGD-EPWA;PDT
YK;02.09.2009;EPWA-EPGD;PDT
YK;07.09.2009;EPGD-EPWA-EPWR-EPWA;PDT
YK;11.09.2009;EPWA-EPKK-EPWA;PDT
YK;11.09.2009;EPWA-EPGD-EPWA;PDT
YK;17.09.2009;EPWA-Bruksela;PDT
YK;19.09.2009;Eindhoven - EPGD-EPWA;PDT
YK;21.09.2009;EPGD-EPWA;PDT
TU;04.10.2009;EPWa-Berlin-EPGD-EPWA;PDT
YK;04.10.2009;EPGD-EPWA;PDT
YK;10.10.2009;EPWA-EPGD;PDT
YK;12.10.2009;EPGD-EPWA;PDT
TU;16.10.2009;EPWA-EPGD;PDT
TU;19.10.2009;EPWA-EPGD-Bruksela-EPWA;PDT
TU;23.10.2009;EPWA- Valetta-Ateny-EPWA;PDT
TU;30.10.2009;EPWA- Bruksela-EPWA;PDT
TU;30.10.2009;EPWA-EPGD;PDT
TU;05.11.2009;EPWA-Paryż-EPWA;PDT
YK;06.11.2009;EPWA-EPGD;PDT
TU;09.11.2009;EPWA-EPGD-Berlin-EPWA;PDT
YK;13.11.2009;EPWA-EPGD;PDT
TU;20.11.2009;EPWA-Bruksela-EPWA;PDT
YK;21.11.2009;EPWA-EPGD;PDT
YK;27.11.2009;EPWA-EPGD;PDT
W3;29.11.2009;EPWA-EPGD;PDT
TU;30.11.2009;EPGD-EPWA;PDT
YK;04.12.2009;EPWA-EPKK-EPGD-EPWA;PDT
W3;07.12.2009;EPGD- Łyse-EPWA;PDT
YK;11.12.2009;EPWA-Kolonia-Bruksela-EPGD-EPWA;PDT
YK;14.12.2009;EPGD-EPWA;PDT
TU;18.12.2009;EPWA-Kopenhaga-EPWA;PDT
YK;18.12.2009;EPWA-EPGD;PDT
YK;23.12.2009;EPWA-EPGD;PDT
YK;30.12.2009;EPWA-EPGD;PDT
YK;08.01.2010;EPWA-EPGD;PDT
Bell;22.01.2010;EPWA-Orzysz-EPGD;PDT
YK;25.01.2010;EPGD-EPWA;PDT
YK;27.01.2010;EPWA-EPKK-Oświęcim;PDT
Bell;27.01.2010;EPWA-EPKK-Oświęcim;PDT
YK;29.01.2010;EPWA-EPGD;PDT
YK;05.02.2010;EPWA-EPGD;PDT
YK;07.02.2010;EPGD-EPWA-EPGD;PDT
YK;09.02.2010;EPGD-EPWA;PDT
TU;11.02.2010;EPWA-Bruksela-EPWA;PDT
YK;12.02.2010;EPWA-EPGD;PDT
YK;15.02.2010;EPGD-EPWA;PDT
YK;19.02.2010;EPWA-EPGD;PDT
TU;24.02.2010;EPWA-BUD-EPWA;PDT
YK;26.02.2010;EPWA-EPGD;PDT
YK;05.03.2010;EPWA-EPGD;PDT
YK;08.03.2010;Gdynia-EPWA;PDT
TU;12.03.2010;EPWA-Baku-Tbilisi-Erewań-EPGD-EPWA;PDT
YK;15.03.2010;EPGD-EPWA;PDT
YK;19.03.2010;EPWA-EPGD;PDT
TU;26.03.2010;EPWA-Bruksela-EPWA;PDT
YK;27.03.2010;EPWA-EPGD;PDT
TU;07.04.2010;EPWA-Smoleńsk-EPWA;PDT
TU;08.04.2010;EPWA-PRG-EPWA;PDT
Bell;08.04.2010;EPWA-Szczytno-EPWA;PDT
YK;09.04.2010;EPWA-EPGD;PDT
YK;11.04.2010;EPWA-EPGD;PDT
W3;19.04.2010;EPWA-Przasnysz-EPWA;PDT
MI8;20.04.2010;EPWA-EPGD;PDT
MI8;21.04.2010;EPGD-Kołobrzeg-EPGD;PDT
YK;24.04.2010;EPWA-EPGD;PDT
YK;26.04.2010;EPWA-EPGD-EPWA;PDT
YK;07.05.2010;EPWA-EPGD;PDT
czarter;13.05.2010;Akwizgran;PDT
YK;14.05.2010;WPWA-EPGD;PDT
YK;15.05.2010;EPGD-EPWA-EPWA;PDT
YK;18.05.2010;EPWA-EPKK-EPWA;PDT
YK;23.05.2010;EPGD-EPWA;PDT
YK;26.05.2010;EPWA-EPKK-EPWA;PDT
YK;28.05.2010;EPWA-EPGD;PDT
YK;31.05.2010;EPGD-EPWA;PDT
YK;02.06.2010;EPWA-EPGD;PDT
YK;04.06.2010;EPGD-EPWA-EPGD;PDT
YK;05.06.2010;EPGD-EPWA;PDT
W3;05.06.2010;EPWA-Sandomierz-EPWA;PDT
W3;06.06.2010;EPWA-Sandomierz-EPWA;PDT
YK;06.06.2010;EPWA-EPGD;PDT
YK;07.06.2010;EPGD-EPWA;PDT
EMB;09.06.2010;WAW- Bruksela-WAW;PDT
YK;11.06.2010;EPWA-EPGD;PDT
YK;13.06.2010;EPGD-EPWA;PDT
EMB;17.06.2010;WAW-Bruksela-WAW;PDT
EMB;18.06.2010;WAW-KTW-GDN;PDT
YK;20.06.2010;EPGD-EPWA;PDT
YK;23.06.2010;EPWA-EPKT-EPWA;PDT
YK;26.06.2010;EPWA-EPGD;PDT
YK;04.07.2010;EPGD-EPWA;PDT
EMB;09.07.2010;WAW-Dubrownik-GDN-WAW;PDT
YK;16.07.2010;EPWA-EPGD;PDT
EMB;20.07.2010;WAW-BUD-WAW;PDT
EMB;28.07.2010;WAW-PRG-WAW;PDT
EMB;23.07.2010;WAW-GDN;PDT
YK;30.07.2010;EPWA-EPGD;PDT
YK;06.08.2010;EPWA-EPGD;PDT
YK;13.08.2010;EPWA-EPGD;PDT
YK;17.08.2010;EPWA-EPKK-EPWA;PDT
YK;20.08.2010;EPWA-EPGD;PDT
YK;27.08.2010;EPWA-EPGD;PDT
YK / EMB;31.08.2010;GDN-WAW;PDT
YK;03.09.2010;EPGD-EPWA-EPGD;PDT
YK;13.09.2010;Mirosławiec-EPWA;PDT
EMB;16.09.2010;WAW-Bruksela-WAW;PDT
EMB;26.09.2010;Berlin-GDN-WAW;PDT
YK;27.09.2010;EPGD-EPWA;PDT
YK;25.09.2010;EPWA-EPGD;PDT
EMB;02.10.2010;WAW-SZZ-GDN-WAW;PDT
W3;02.10.2010;EPSZ-Świnoujście-EPSZ;PDT
EMB;04.10.2010;WAW-Bruksela-WAW;PDT
YK;08.10.2010;EPWA-EPGD;PDT
YK;09.10.2010;EPGD-EPWA-EPGD;PDT
EMB;14.10.2010;WAW-Warna-WAW;PDT
Bell;15.10.2010;EPWA-Grajewo-EPGD-EPWA;PDT
W3;25.10.2010;EPWA-Gołdap-Zambrów-EPWA;PDT
EMB;29.10.2010;WAW-Bruksela-GDN-WAW;PDT
EMB;29.10.2010;WAW-Bruksela-WAW;PDT
W3;05.11.2010;EPWA-Tarnów-Kaniów;PDT
EMB;05.11.2010;WAW-GDN;PDT
EMB;08.11.2010;GDN-WAW;PDT
Bell;12.11.2010;EPWA-Michałków-Kazimierz Biskupi-EPWA;PDT
EMB;13.11.2010;WAW-RZE-WAW;PDT
W3;13.11.2010;EPRZ-Suszno-EPRZ;PDT
EMB;14.11.2010;WAW-GDN;PDT
EMB;15.11.2010;WAW-WRO-WAW;PDT
YK;18.11.2010;EPWA-EPKK-EPWA;PDT
EMB;19.11.2010;KTW-WAW-GDN;PDT
EMB;22.11.2010;GDN-WAW;PDT
YK;26.11.2010;EPWA-EPLL-EPBY-EPGD;PDT
YK;27.11.2010;EPGD-EPKK-EPGD;PDT
YK;28.11.2010;EPGD-EPSZ-EPGD;PDT
EMB;03.12.2010;WAW-GDN;PDT
EMB;05.12.2010;GDN-WAW;PDT
EMB;06.12.2010;WAW-Berlin-WAW;PDT
EMB;09.12.2010;WAW-Ankara-Stambuł-WAW;PDT
EMB;11.12.2010;WAW-GDN;PDT
EMB;17.12.2010;WAW-Bruksela-WAW;PDT
EMB;17.12.2010;WAW-GDN;PDT
YK;20.12.2010;GDN-WAW;PDT
EMB;23.12.2010;WAW-GDN;PDT
YK;27.11.2010;EPGD-EPWA;PDT
EMB;30.12.2010;WAW-GDN;PDT
EMB;05.01.2011;WAW-GDN;PDT
EMB;17.01.2011;GDN-WAW;PDT
EMB;13.01.2011;WAW-VRN-WAW;PDT
EMB;17.01.2011;GDN-WAW;PDT
EMB;21.01.2011;WAW-GDN;PDT
EMB;31.01.2011;WAW-GDN-BRU-WAW;PDT
EMB;24.01.2011;GDN- WAW;PDT
EMB;28.01.2011;WAW-GDN;PDT
EMB;01.02.2011;WAW-GDN;PDT
EMB;02.02.2011;GDN-WAW;PDT
EMB;02.02.2011;WAW-GDN;PDT
EMB;04.02.2011;WAW-GDN-BRU-GDN-WAW;PDT
EMB;07.02.2011;GDN-WAW;PDT
EMB;15.02.2011;WAW-Bratysława-WAW;PDT
EMB;11.02.2011;WAW-GDN;PDT
EMB;18.02.2011;WAW-GDN;PDT
EMB;24.02.2011;WAW-TLV-WAW;PDT
EMB;26.02.2011;WAW-OSL-GDN-WAW;PDT
EMB;04.03.2011;WAW-KRK-GDN-WAW;PDT
EMB;11.03.2011;WAW-Torrejon-MAD-BRU-WAW;PDT
EMB;12.03.2011;WAW-GDN-WAW;PDT
EMB;25.03.2011;WAW-BRU-WAW;PDT
EMB;30.03.2011;WAW-KIV-WAW;PDT
EMB;19.03.2011;WAW-CDG-GDN-WAW;PDT
EMB;23.03.2011;WAW-SZZ-WAW;PDT
W3;23.03.2011;EPSZ-Świnoujście-EPSZ;PDT
EMB;28.03.2011;WAW-GDN-WAW;PDT
EMB;01.04.2011;WAW-GDN;PDT
EMB;08.04.2011;WAW-VIE-WAW-GDN;PDT
EMB;10.04.2011;GDN-WAW-GDN;PDT
EMB;13.04.2011;WAW-Kijów-WAW;PDT
EMB;15.04.2011;WAW-GDN;PDT
EMB;18.04.2011;WAW-GDN-Londyn-WAW;PDT
EMB;22.04.2011;WAW-GDN;PDT
EMB;26.04.2011;GDN-WAW;PDT
EMB;07.05.2011;WAW-Podgorica-Belgrad Zagrzeb-GDN-WAW;PDT
EMB;09.05.2011;GDN-WAW;PDT
W3;12.05.2011;EPWA-Turbia Łososina-EPKT (Muchowiec);PDT
EMB;12.05.2011;KTW-GDN;PDT
EMB;13.05.2011;GDN-WAW;PDT
EMB;14.05.2011;WAW-GDN;PDT
EMB;16.05.2011;WAW-GDN-KTW-WAW;PDT
EMB;20.05.2011;WAW-GDN-WAW;PDT
EMB;23.05.2011;WAW-GDN-BRU-WAW;PDT
EMB;30.05.2011;WAW-GDN-WAW;PDT
Bell;01.06.2011;EPWA-InoWRO-EPWA;PDT
W3;02.06.2011;EPAW-Włocławek-EPWA;PDT
EMB;03.06.2011;WAW-Paryż-WAW;PDT
EMB;09.06.2011;WAW-GDN;PDT
EMB;13.06.2011;GDN-WAW;PDT
EMB;13.06.2011;GDN-WAW;PDT
W3;14.06.2011;EPWA-Mielnik-EPWA;PDT
W3;15.06.2011;EPWA-Bielsk Podl-EPWA;PDT
EMB;16.06.2011;WAW-BTS-WAW;PDT
EMB;18.06.2011;WAW-GDN;PDT
EMB;20.06.2011;GDN-WAW;PDT
EMB;24.06.2011;WAW-BRU-WAW;PDT
EMB;27.06.2011;WAW-GDN-WAW;PDT
EMB;03.07.2011;WAW-GDN-WAW;PDT
EMB;06.07.2011;WAW-SXB-WAW;PDT
EMB;11.07.2011;WAW-GDN-WAW;PDT
W3;14.07.2011;EPWA-Stębark-EPWA;PDT
EMB;15.07.2011;WAW-PRG-WAW;PDT
W3;16.07.2011;EPKK-Nowy Targ-CISNA-EPRZ;PDT
EMB;16.07.2011;WAW-KRK;PDT
EMB;17.07.2011;RZE-GDN;PDT
W3;22.07.2011;EPWA-Białystok-EPWA;PDT
EMB;22.07.2011;WAW-GDN;PDT
W3;23.07.2011;EPGD-Siemirowice-EPGD;PDT
TU;25.07.2011;EPGD-EPWA;PDT
EMB;30.07.2011;WAW-KRK-GDN;PDT
W3;30.07.2011;EPKK-Łososina-EPKK;PDT
EMB;05.08.2011;WAW-GDN;PDT
policja;12.08.2011;WAW Baby WAW;PDT
EMB;13.08.2011;WAW-GDN;PDT
EMB;15.08.2011;GDN-WAW;PDT
EMB;20.08.2011;WAW-GDN;PDT
EMB;27.08.2011;WAW-WRO-GDN;PDT
EMB;29.08.2011;GDN-WAW;PDT
EMB;30.08.2011;WAW-BRU-WAW;PDT
EMB;31.08.2011;WAW-GDN;PDT
EMB;02.09.2011;WAW-GDN-Paryż-WAW;PDT
EMB;02.09.2011;WAW-GDN;PDT
EMB;04.09.2011;GDN--LCJ;PDT
W3;07.09.2011;EPWA-Tarnów-Nowy Sącz-EPWA;PDT
EMB;08.09.2011;WAW-WRO-WAW;PDT
EMB;10.09.2011;WAW-GDN;PDT
EMB;12.09.2011;WAW-GDN-BRU-WAW;PDT
W3;14.09.2011;EPKT-Cieszyn-EPKT;PDT
EMB;14.09.2011;WAW-KTW-WAW;PDT
EMB;15.09.2011;WAW-RZE-WAW;PDT
EMB;17.09.2011;WAW-GDN-Ryga-Zagrzeb-WAW;PDT
EMB;18.09.2011;WAW-GDN-WAW;PDT
EMB;23.09.2011;SZZ-WAW;PDT
EMB;29.09.2011;WAW-GDN-WAW;PDT
EMB;30.09.2011;WAW-GDN-WAW;PDT
EMB;01.10.2011;GDN-WAW;PDT
EMB;03.10.2011;KTW-WAW;PDT
EMB;08.10.2011;WAW-GDN-WAW;PDT
EMB;14.10.2011;WAW-PRG-WAW-GDN;PDT
EMB;20.10.2011;WAW-BRU-WAW;PDT
EMB;21.10.2011;WAW-GDN;PDT
EMB;23.10.2011;WAW-GDN-BRU-GDN-WAW;PDT
EMB;24.10.2011;GDN-WAW;PDT
EMB;26.10.2011;WAW-BRU-WAW;PDT
EMB;28.10.2011;WAW-GDN;PDT
EMB;29.10.2011;WAW-PMO;PDT
EMB;04.11.2011;WAW-GDN;PDT
EMB;07.11.2011;GDN-WAW;PDT
EMB;11.11.2011;LCJ-GDN;PDT
EMB;12.11.2011;GDN-WAW-GDN;PDT
EMB;14.11.2011;GDN-WAW;PDT
EMB;19.11.2011;WAW-GDN;PDT
EMB;25.11.2011;WAW-GDN;PDT
EMB;02.12.2011;WAW-GDN;PDT
EMB;05.12.2011;GDN-WAW;PDT
EMB;09.12.2011;WAW-MRS-BRU-WAW;PDT
EMB;14.12.2011;WAW-SXB-WAW;PDT
EMB;16.12.2011;WAW-GDN;PDT
EMB;19.12.2011;GDN-WAW;PDT
EMB;21.12.2011;WAW-KTW WAW;PDT
EMB;23.12.2011;WAW-GDN;PDT
EMB;27.12.2011;GDN-WAW;PDT
EMB;30.12.2011;WAW-GDN;PDT
EMB;02.01.2012;GDN-WAW;PDT
EMB;05.01.2012;WAW-GDN;PDT
EMB;12.01.2012;WAW-VRN-WAW-CPH-WAW-VRN-WAW;PDT
EMB;16.01.2012;GDN-WAW;PDT
EMB;19.01.2012;WAW-Rzym-WAW;PDT
EMB;20.01.2012;WAW-GDN;PDT
EMB;23.01.2012;GDN-WAW;PDT
EMB;27.01.2012;WAW-GDN;PDT
EMB;29.01.2012;GDN-WAW;PDT
EMB;31.01.2012;WAW-BRU-WAW;PDT
EMB;03.02.2012;WAW-GDN;PDT
EMB;06.02.2012;GDN-WAW;PDT
EMB;09.02.2012;WAW-KRK-WAW;PDT
EMB;10.02.2012;WAW-GDN;PDT
EMB;13.02.2012;GDN-WAW;PDT
EMB;17.02.2012;WAW-GDN;PDT
EMB;19.02.2012;GDN-WAW;PDT
EMB;02.03.2012;WAW-BRU-WAW;PDT
EMB;04.03.2012;WAW-GDN-KTW-GDN-WAW;PDT
W3;17.05.2012;EPWA-EPPO;PDT
EMB;18.04.2012;WAW-LCA-WAW;PDT
EMB;24.04.2012;WAW-LCA Dubaj, AUH RUH-LCA-WAW;PDT
EMB;19.05.2012;WRO-WAW-GDN-WAW;PDT
EMB;24.05.2012;WAW-BRU-WAW;PDT
EMB;29.05.2012;WAW-Rzym-WAW;PDT
EMB;31.05.2012;WAW-RLG, Berlin-WAW;PDT
EMB;01.06.2012;WAW-OTP-WAW;PDT
EMB;11.06.2012;GDN-WAW;PDT
EMB;16.06.2012;WAW-WRO-GDN-WAW;PDT
EMB;18.06.2012;GDN-WAW;PDT
EMB;22.06.2012;WAW-PRG-KTW-GDN-WAW;PDT
EMB;29.06.2012;WAW-BRU-WAW;PDT
EMB;02.07.2012;WAW-KBP-WAW;PDT
EMB;02.07.2012;GDN-WAW;PDT
EMB;07.07.2012;WAW-GDN-DBV-GDN-WAW;PDT
W3;14.07.2012;EPWA-Lubliniec-EPWA;PDT
EMB;30.07.2012;GDN-WAW;PDT
EMB;05.08.2012;WAW-ZHR-WAW;PDT
EMB;31.08.2012;WAW-GDN;PDT
EMB;02.09.2012;GDN-WAW-GDN;PDT
EMB;03.09.2012;GDN-WAW;PDT
EMB;24.09.2012;GDN-WAW;PDT
W3;26.09.2012;EPSZ-Ziemsko-EPSZ;PDT
EMB;26.09.2012;WAW-SZZ-WAW;PDT
EMB;01.10.2012;WAW-GDN-KRK-WAW;PDT
EMB;10.10.2012;WAW-HEL-WAW;PDT
EMB;15.10.2012;GDN-WAW;PDT
EMB;18.10.2012;WAW-OTP-WAW;PDT
EMB;19.10.2012;WAW-BRU-WAW;PDT
EMB;22.10.2012;WAW-GDN-WAW;PDT
EMB;25.10.2012;WAW-RZE;PDT
W3;26.10.2012;Turbia-EPWA;PDT
EMB;29.10.2012;WAW-GDN-KTW-WAW;PDT
EMB;02.11.2012;GDN-WAW;PDT
EMB;07.11.2012;CPH-WAW;PDT
EMB;10.11.2012;WAW-RZE-WAW;PDT
EMB;13.11.2012;WAW-BRU-WAW;PDT
EMB;14.11.2012;WAW-Berlin;PDT
EMB;15.11.2012;Berlin BRU-WAW;PDT
EMB;19.11.2012;GDN-WAW;PDT
EMB;23.11.2012;WAW-BRU-WAW-GDN;PDT
EMB;26.11.2012;WAW-GDN-WRO-WAW;PDT
EMB;29.11.2012;WAW-WRO-WAW;PDT
EMB;10.12.2012;GDN-OSL-WAW;PDT
EMB;14.12.2012;WAW-BRU-WAW;PDT
EMB;28.01.2013;WAW-Paryż-WAW;PDT
EMB;07.02.2013;WAW-Luksemburg-BRU;PDT
EMB;08.02.2013;BRU-WAW;PDT
EMB;05.03.2013;WAW-HAJ-WAW;PDT
EMB;11.03.2013;WAW-GDN-Talli- WAW;PDT
EMB;15.03.2013;WAW-BRU-WAW;PDT
EMB;27.03.2013;WAW-Poprad-WAW;PDT
EMB;07.04.2013;GDN-WAW;PDT
EMB;10.04.2013;WAW-Moskwa-WAW;PDT
EMB;17.04.2013;WAW-Londyn-WAW;PDT
EMB;22.04.2013;WAW-GDN Berlin WAW;PDT
EMB;22.05.2013;WAW-BRU-WAW;PDT
EMB;08.06.2013;WAW-Lizbona-GDN-WAW;PDT
EMB;03.06.2013;WAW-GDN-LCJ-WAW;PDT
EMB;10.06.2013;WAW-GDN-Belgrad-WAW;PDT
EMB;28.06.2013;WAW-WRO-BRU-KTW-WAW;PDT
EMB;03.07.2013;WAW-Berlin-WAW;PDT
EMB;15.07.2013;WAW-GDN-Madryt-WAW;PDT
EMB;29.07.2013;WAW-IEG-WAW;PDT
W3;02.08.2013;Mińsk Maz.-Wadowice-EPWA;PDT
W3;29.08.2013;EPWA-Busko Zdrój-EPWA;PDT
W3;03.09.2013;EPWA-Krynica-EPWA;PDT
W3;10.09.2013;EPKT-EPWA;PDT
EMB;16.09.2013;WAW-GDN-KTW-WAW;PDT
EMB;25.09.2013;WAW-GDN-WAW;PDT
EMB;30.09.2013;GDN-LCJ-WAW;PDT
EMB;03.10.2013;WAW-KRK-WAW;PDT
W3;03.10.2013;EPKK-Lubliniec-EPKK;PDT
EMB;14.10.2013;WAW-GDN-BUD-WAW;PDT
EMB;25.10.2013;WAW-BRU-WAW;PDT
EMB;31.10.2013;WAW-GDN-WAW;PDT
EMB;12.11.2013;WAW-Paryż-WAW;PDT
EMB;26.11.2013;WAW-OTP-WAW;PDT
EMB;29.11.2013;WAW-KRK-WAW;PDT
EMB;01.12.2013;GDN-WAW;PDT
EMB;04.12.2013;KTW-WAW;PDT
EMB;09.12.2013;WAW-GDN-POZ-WAW;PDT
EMB;20.12.2013;WAW-BRU-WAW;PDT
EMB;22.12.2013;WAW-KRK-GDN-WAW;PDT
EMB;28.12.2013;WAW-KRK-GDN;PDT
EMB;30.01.2014;WAW-BUD-BRU-Paryż -WAW;PDT
EMB;31.01.2014;WAW-Berlin-Oxfordshire-WAW;PDT
EMB;03.02.2014;WAW-GDN-TLL-Sztokholm-HEL-WAW;PDT
EMB;06.02.2014;WAW-KIV-WAW;PDT
EMB;16.02.2014;WAW-WRO, KRK-WAW;PDT
W-3;16.02.2014;Opole-Zakopane-EPKK;PDT
EMB;21.02.2014;WAW-RZE-WAW;PDT
EMB;07.03.2014;WAW-BRU-DUB-GDN-WAW;PDT
EMB;08.03.2014;GDN-KRK-GDN-WAW;PDT
EMB;10.03.2014;GDN-WAW;PDT
EMB;21.03.2014;WAW-BRU-WAW;PDT
EMB;26.03.2014;WAW-GDN-WAW;PDT
EMB;28.03.2014;WAW-KIV-WAW;PDT
EMB;29.03.2014;WAW-KTW WAW;PDT
EMB;30.03.2014;WAW-RZE-WAW;PDT
EMB;02.04.2014;WAW-BRU-WAW;PDT
W3;06.04.2014;EPGD- Bartoszyce-EPGD;PDT
EMB;09.04.2014;WAW-KRK-WAW;PDT
EMB;10.04.2014;WAW-GDN-WAW;PDT
EMB;11.04.2014;WAW-KRK-GDN-WAW;PDT
CASA;14.04.2014;WAW-Łask-WAW;PDT
EMB;17.04.2014;WAW-KTW WAW;PDT
EMB;24.04.2014;WAW-BRU-Paryż-WAW;PDT
EMB;25.04.2014;WAW-POZ-Berlin-GDN-WAW;PDT
EMB;27.04.2014;WAW-Rzym-WAW;PDT
EMB;30.04.2014;WAW-MAD-WAW;PDT
EMB;07.05.2014;WAW-KTW-WAW;PDT
EMB;15.05.2014;WAW-BTS-KRK-WAW;PDT
EMB;16.05.2014;WAW-RZE-WAW;PDT
EMB;19.05.2014;WAW-Neapol, Rzym-WAW;PDT
EMB;21.05.2014;WAW-BRU-WAW;PDT
EMB;23.05.2014;WAW-SZZ, IEG-WRO-KTW-GDN-WAW;PDT
EMB;28.05.2014;WAW-BRU-SZZ;PDT
EMB;28.05.2014;SZZ-WAW;PDT
EMB;29.05.2014;WAW-WRO-WAW;PDT
EMB;05.06.2014;WAW-KTW-WRO-WAW;PDT
EMB;23.06.2014;WAW-GDN-WAW;PDT
EMB;24.06.2014;WAW-BUD-WAW;PDT
EMB;27.06.2014;WAW-Kortrijk-BRU-WAW;PDT
EMB;10.07.2014;WAW Berlin WAW;PDT
EMB;17.07.2014;WAW-BRU-WAW;PDT
EMB;31.08.2014;WAW-BRU-GDN-WAW;PDT
EMB;01.09.2014;GDN-WAW;PDT
W3;01.09.2014;Ostrowiec Św- EPWA;PDT
EMB;05.09.2014;WAW-KTW WAW;PDT
EMB;06.10.2014;WAW-Bruksela-WAW;PEK
EMB;07.10.2014;WAW-KTW-WAW;PEK
EMB;10.10.2014;WAW-Berlin-Paryż-WAW;PEK
EMB;17.10.2014;WAW-Mediolan-WAW;PEK
EMB;24.10.2014;WAW-Bruksela-WAW;PEK
EMB;30.10.2014;WAW-IEG-WRO-WAW;PEK
EMB;03.11.2014;WAW-WRO-KTW-WAW;PEK
EMB;20.11.2014;WAW-WRO-WAW;PEK
EMB;02.12.2014;WAW-PRG-WAW;PEK
W3;04.12.2014;EPWA-EPKT;PEK
EMB;04.12.2014;KTW-WAW;PEK
EMB;09.12.2014;WAW-BTS-WAW/KRK;PEK
EMB;19.12.2014;WAW-Bruksela-WAW;PEK
EMB;11.01.2015;WAW-Paryż-WAW;PEK
EMB;13.01.2015;WAW-KTW-WAW;PEK
EMB;17.01.2015;KTW-WAW;PEK
EMB;19.01.2015;WAW-Kijów-WAW;PEK
EMB;30.01.2015;WAW-Paryż-WAW;PEK
EMB;13.02.2015;WAW-Bruksela-WAW;PEK
EMB;16.02.2015;WAW-LUZ-WAW;PEK
EMB;05.03.2015;WAW-POZ-WAW;PEK
EMB;20.03.2015;WAW-Bruksela-WAW;PEK
W3;10.04.2015;EPWA-EPGD;PEK
EMB;20.04.2015;WAW-Bolonia-PRG-WAW;PEK
EMB;23.04.2015;WAW-Bruksela-WAW;PEK
EMB;29.04.2015;WAW-KRK-WAW;PEK
EMB;08.05.2015;GDN-WAW;PEK
EMB;13.05.2015;WAW-GDN-WAW;PEK
W3;18.05.2015;EPWR-Bogatynia-EPWR;PEK
EMB;18.05.2015;WAW-WRO-WAW;PEK
EMB;21.05.2015;WAW-KTW-RIX-WAW;PEK
EMB;11.06.2015;WAW-Bruksela-WAW;PEK
EMB;12.06.2015;WAW-Rzym-WAW;PEK
EMB;19.06.2015;WAW-BTS-WAW;PEK
EMB;26.06.2015;WAW-Bruksela-WAW;PEK
CASA;03.07.2015;WAW-KTW-WAW;PEK
EMB;16.07.2015;WAW-MAD-WAW;PEK
W3;24.08.2015;EPWA-Warka-EPWA;PEK
EMB;03.09.2015;WAW-KTW-WAW;PEK
EMB;04.09.2015;WAW-GDN-PRG-WAW;PEK
EMB;10.09.2015;WAW-KRK-WAW;PEK
EMB;17.09.2015;WAW-Kijów-WAW;PEK
EMB;24.09.2015;WAW-Bruksela-WAW;PEK
EMB;25.09.2015;WAW-GDN-WAW;PEK
EMB;08.10.2015;WAW-GLS-WAW;PEK
EMB;15.10.2015;WAW-Bruksela-WAW;PEK
W3;23.10.2015;EPWA-EPKA-EPWA;PEK
EMB-175;15.12.2017;WAW-BRU-WAW;PMM
EMB-175;17.12.2017;WAW-GDN-SZZ-WAW;PMM
EMB-175;18.12.2017;WAW-KRK-WAW;PMM
EMB-175;21.12.2017;WAW-KTW-WAW;PMM
EMB-175;23.12.2017;WAW-WRO-WAW;PMM
EMB-175;03.01.2018;WAW-BUD-WAW;PMM
EMB-175;10.01.2018;WAW-BRU-WAW;PMM
EMB-175;26.01.2018;WAW-ZRH-BUD-WRO-WAW;PMM
CASA;26.01.2018;EPWR-EPWA;PMM
EMB-175;27.01.2018;WAW-KRK-WAW;PMM
EMB-175;02.02.2018;WAW-RZE-WAW;PMM
EMB-175;09.02.2018;WAW-SZY-WAW;PMM
EMB-175;11.02.2018;WAW-LUZ-WAW;PMM
EMB-175;13.02.2018;WAW-BEY-WAW;PMM
EMB-175;16.02.2018;WAW-TXL-WAW;PMM
EMB-175;17.02.2018;WAW-MUC-WRO-WAW;PMM
EMB-175;18.02.2018;WAW-KRK-WAW;PMM
EMB-175;23.02.2018;WAW-BRU-WAW;PMM
EMB-175;27.02.2018;WAW-POZ-WAW;PMM
EMB-175;09.03.2018;WAW-BRU-VNO-WAW;PMM
EMB-175;14.03.2018;WAW-WRO-WAW;PMM
EMB-175;18.03.2018;WAW-KTW-WAW;PMM
EMB-175;21.03.2018;WAW-RZE-WAW;PMM
EMB-175;23.03.2018;WAW-BRU-WAW;PMM
EMB-175;29.03.2018;WAW-SZY-WAW;PMM
CASA;30.03.2018;EPWA-EPWR-EPWA;PMM
EMB-175;06.04.2018;WAW-BUD-WAW;PMM
EMB-175;15.04.2018;WAW-KRK-WAW;PMM
EMB-175;18.04.2018;WAW-WRO-KRK-WAW;PMM
CASA;28.04.2018;EPWA-EPZG-EPOK-EPWA;PMM
EMB-175;02.05.2018;WAW-RZE-WAW;PMM
CASA;03.05.2018;EPWA-EPOK;PMM
EMB-175;05.05.2018;WAW-KTW-WAW;PMM
CASA;05.05.2018;EPOK-EPWA;PMM
EMB-175;15.05.2018;WAW-KTW-WAW;PMM
EMB-175;17.05.2018;WAW-SOF-WAW;PMM
EMB-175;20.05.2018;WAW-GDN-WAW;PMM
EMB-175;23.05.2018;WAW-WRO-WAW;PMM
EMB-175;26.05.2018;LUZ-WRO;PMM
EMB-175;30.05.2018;WAW-RZE-WAW;PMM
EMB-175;02.06.2018;WAW-SZZ-WRO-WAW;PMM
EMB-175;03.06.2018;WAW-PLQ-TLL-WAW;PMM
EMB-175;04.06.2018;WAW-CIA-WAW;PMM
EMB-175;09.06.2018;WAW-WRO-WAW;PMM
EMB-175;13.06.2018;WAW-KRK-WAW;PMM
EMB-175;16.06.2018;WAW-SZZ-WMI;PMM
CASA;18.06.2018;EPWA-EPKK-EPWA;PMM
EMB-175;19.06.2018;WAW-TXL-WAW;PMM
EMB-175;21.06.2018;WAW-BUD-WAW;PMM
CASA;22.06.2018;EPWA-EPWR-EPWA;PMM
CASA;25.06.2018;EPWA-EPOK-EPRA;PMM
EMB-175;29.06.2018;WAW-BRU-WAW;PMM
EMB-175;30.06.2018;WAW-BZG-RZE-WAW;PMM
EMB-175;04.07.2018;WAW-SXB-WAW;PMM
EMB-175;06.07.2018;WAW-KLV-WAW;PMM
EMB-175;06.07.2018;WAW-GDN;PMM
CASA;08.07.2018;EPGD-EPKT;PMM
CASA;09.07.2018;EPWR-EPWA;PMM
EMB-175;10.07.2018;WAW-LTN-WAW;PMM
EMB-175;13.07.2018;WAW-SZY-WAW;PMM
CASA;15.07.2018;EPOK-EPLB-EPOK;PMM
CASA;16.07.2018;EPOK-EPWA;PMM
EMB-175;18.07.2018;BZG-KRK-WAW;PMM
CASA;23.07.2018;EPOK-EPWA;PMM
CASA;27.07.2018;EPWA-EPPO;PMM
EMB-175;31.07.2018;WAW-IEG-WAW;PMM
EMB-175;04.08.2018;GDN-KRK-GDN;PMM
Gulfstream G-550;06.08.2018;EPOK-EPSC-EPKK-EPOK;PMM
EMB-175;10.08.2018;GDN-WAW-GDN;PMM
EMB-175;15.08.2018;WAW-RIX-WAW;PMM
EMB-175;15.08.2018;GDN-WAW-GDN;PMM
Gulfstream G-550;17.08.2018;EPOK-EPWA-EPOK;PMM
Gulfstream G-550;19.08.2018;EPOK-EPWA, EPKK-EPWA;PMM
Gulfstream G-550;23.08.2018;EPWA-EPBY;PMM
CASA;27.08.2018;EPGD-EPWA;PMM
EMB-175;29.08.2018;WAW-SZZ-WAW;PMM
Gulfstream G-550;31.08.2018;EPWA-EPGD;PMM
CASA;01.09.2018;EPGD-EPWA;PMM
EMB-175;03.09.2018;WAW-KTW-WAW;PMM
EMB-175;06.09.2018;WAW-KRK, KTW-WAW;PMM
Gulfstream G-550;08.09.2018;EPWA-EPWR;PMM
W-3 Sokół;08.09.2018;EPWR-Kłodzko (JW.)-EPWR;PMM
Gulfstream G-550;13.09.2018;EPWA-EPPO;PMM
EMB-175;14.09.2018;POZ-KRK-WAW;PMM
EMB-175;15.09.2018;WAW-IEG;PMM
EMB-175;16.09.2018;SZZ-WAW;PMM
EMB-175;17.09.2018;WAW-SZZ-WAW;PMM
EMB-175;18.09.2018;WAW-OTP-KRK-WAW;PMM
EMB-175;18.09.2018;KRK-WAW;PMM
EMB-175;20.09.2018;KTW-LNZ-WAW;PMM
EMB-175;19.09.2018;WAW-KTW;PMM
Śmigłowiec W-3;21.09.2018;EPWA-Ostróda-EPWA;PMM
Gulfstream G-550;23.09.2018;EPWA-EPLU;PMM
W-3 Sokół;27.09.2018;EPWA-EPKA-EPWA;PMM
EMB-175;28.09.2018;WAW-POZ-WAW;PMM
Gulfstream G-550;30.09.2018;EPWR-EPBY;PMM
Gulfstream G-550;01.10.2018;EPWA-EPLB;PMM
EMB-175;01.10.2018;LUZ-WAW;PMM
Gulfstream G-550;05.10.2018;EPWA-KTEB-EPWA;PMM
Śmigłowiec W-3;05.10.2018;EPWA-Białystok (aeroklub)-EPWA;PMM
Gulfstream G-550;06.10.2018;EPWA-EPLB;PMM
Gulfstream G-550;07.10.2018;EPWA-EPRZ-EPWA;PMM
Gulfstream G-550;09.10.2018;EPWA-EPKK-EPWA;PMM
Śmigłowiec W-3;10.10.2018;EPWA-Białystok (aeroklub);PMM
EMB-175;12.10.2018;WAW-POZ;PMM
Śmigłowiec W-3;12.10.2018;EPPO-EPRU;PMM
EMB-175;14.10.2018;WAW-KTW, KRK-WAW;PMM
EMB-175;19.10.2018;WAW-BRU-WMI;PMM
Gulfstream G-550;20.10.2018;EPWA-EPWR-EPWA;PMM
EMB-175;25.10.2018;WAW-KRK-WAW;PMM
EMB-175;27.10.2018;WAW-PRG-LUZ-WAW;PMM
Gulfstream G-550;29.10.2018;EPWA-EPKK-EPWA;PMM
EMB-175;30.10.2018;WAW-BZG;PMM
Gulfstream G-550;31.10.2018;EPWA-EPKK-EPKT-EPWA;PMM
EMB-175;12.11.2018;KTW-WAW;PMM
CASA;13.11.2018;EPKK-EPCE-EPWA;PMM
EMB-175;13.11.2018;WAW-KTW;PMM
EMB-175;14.11.2018;WAW-GDN-WAW;PMM
EMB-175;15.11.2018;WAW-PRG-WAW;PMM
EMB-175;16.11.2018;WAW-RZE-WAW;PMM
EMB-175;17.11.2018;WAW-HAM-WAW;PMM
Gulfstream G-550;18.11.2018;EPWA-EPKK-EPWA;PMM
EMB-175;25.11.2018;WRO-BRU-WAW;PMM
EMB-175;29.11.2018;WAW-BTS-WAW;PMM
Śmigłowiec W-3;30.11.2018;EPWA-EPKT-EPWA;PMM
EMB-175;04.12.2018;WAW-KTW-WAW;PMM
EMB-175;14.12.2018;WAW-BRU-WAW;PMM
EMB-175;16.12.2018;WAW-KTW-WAW;PMM
CASA;17.12.2018;EPWA-EPCE;PMM
EMB-175;18.12.2018;GDN-VIE-KRK-WAW;PMM
Gulfstream G-550;18.12.2018;EPKK-EPWA;PMM
Gulfstream G-550;20.12.2018;EPWA-EGSS-EPWA;PMM
Gulfstream G-550;21.12.2018;EPWA-EPWR-EPWA;PMM
EMB-175;21.12.2018;WAW-KTW-WAW;PMM
Gulfstream G-550;27.12.2018;EPWA-EPPO-EPWA;PMM
EMB-175;18.01.2019;WAW-WRO-KRK-WAW;PMM
Gulfstream G-550;19.01.2019;EPWA-EPGD-EPWA;PMM
EMB-175;20.01.2019;WAW-KRK-WAW;PMM
EMB-175;24.01.2019;WAW-ZRH-WAW;PMM
EMB-175;25.01.2019;WAW-RZE-WAW;PMM
EMB-175;27.01.2019;WAW-KRK-WAW;PMM
EMB-175;31.01.2019;WAW-WRO-WAW;PMM
EMB-175;07.02.2019;WAW-BTS-WAW;PMM
CASA;09.02.2019;EPWA-EPRZ-EPWA;PMM
Śmigłowiec W-3;09.02.2019;EPRZ-Huwniki-EPRZ;PMM
Gulfstream G-550;18.02.2019;EPKK-EPWA;PMM
Gulfstream G-550;25.02.2019;EPWA-HESH-EPWA;PMM
Śmigłowiec W-3;28.02.2019;EPWA-Gołdap-EPSY-EPWA;PMM
EMB-175;02.03.2019;WAW-RZE-WAW;PMM
EMB-175;03.03.2019;WAW-KTW-WAW;PMM
G-550;09.03.2019;EPWA-EPRZ-EPWA;PMM
EMB-175;15.03.2019;WAW-BUD-WAW;PMM
EMB-175;16.03.2019;WAW-KTW-WAW;PMM
EMB-175;18.03.2019;WAW-KRK-WAW;PMM
EMB-175;22.03.2019;WAW-BRU-WRO-WAW;PMM
Gulfstream G-550;23.03.2019;EPWR-EPWA;PMM
Gulfstream G-550;30.03.2019;EPWA-EPGD-EPWA;PMM
EMB-175;05.04.2019;WAW-SQQ, PLQ-WAW;PMM
EMB-175;11.04.2019;WAW-BRU-WAW;PMM
EMB-175;12.04.2019;WAW-DBV-WAW;PMM
EMB-175;15.04.2019;WAW-BRU-WAW;PMM
Gulfstream G-550;18.04.2019;EPWA-KMDW-KTEB-EPKK;PMM
CASA;18.04.2019;EPKK-EPWA;PMM
EMB-175;25.04.2019;WAW-BTS-WAW;PMM
EMB-175;24.04.2019;WAW-SZZ-WAW;PMM
Gulfstream G-550;26.04.2019;EPWA-EPLB-EPWA;PMM
EMB-175;27.04.2019;WAW-POZ-WAW;PMM
Gulfstream G-550;02.05.2019;EPWA-EPSC-EPWA;PMM
W3;05.05.2019;EPWA-Nadroże-EPWA;PMM
EMB-175;09.05.2019;WAW-SBZ-WAW;PMM
EMB-175;12.05.2019;WAW-BZG, WAW-SZZ-LCJ;PMM
EMB-175;16.05.2019;WAW-BRU-WAW;PMM
EMB-175;18.05.2019;WAW-KTW;PMM
Gulfstream G-550;20.05.2019;EPWA-EPZG-EPWA;PMM
CASA;24.05.2019;EPRZ-EPWA;PMM
EMB-175;29.05.2019;WAW-BRU-WAW;PMM
EMB-175;31.05.2019;WAW-KRK-WAW;PMM
EMB-175;05.06.2019;WAW-SOU-WAW;PMM
EMB-175;12.06.2019;WAW-WRO-WAW;PMM
EMB-175;13.06.2019;WAW-BUD-WAW;PMM
CASA;18.06.2019;EPKK-EPWA;PMM
EMB-175;18.06.2019;WAW-KRK;PMM
EMB-175;19.06.2019;WAW-LUZ-WAW;PMM
EMB-175;21.06.2019;WAW-BRU-WAW;PMM
EMB-175;24.06.2019;GDN-DRS-WAW;PMM
Gulfstream G-550;24.06.2019;EPWA-EPOK;PMM
EMB-175;27.06.2019;WAW-SZZ-WAW;PMM
EMB-175;28.06.2019;WAW-WRO;PMM
EMB-175;28.06.2019;WRO-PRG-WAW;PMM
EMB-175;29.06.2019;WAW-BZG-WAW;PMM
CASA;30.06.2019;EPWA-EPLB-EPWA;PMM
EMB-175;05.07.2019;WAW-POZ-KTW-WAW;PMM
EMB-175;07.07.2019;KTW-GDN;PMM
EMB-175;08.07.2019;WAW-KRK-WAW;PMM
CASA;08.07.2019;EPGD-EPWA;PMM
CASA;12.07.2019;EPWA-EPOK;PMM
CASA;15.07.2019;EPOK-EPKT-EPOK-EPWA;PMM
EMB-175;18.07.2019;WAW-KRK-WAW;PMM
CASA;19.07.2019;EPWA-EPOK;PMM
CASA;21.07.2019;EPOK-EPKT;PMM
W-3 Sokół;26.07.2019;EPWR-EPWC-EPWR;PMM
CASA;26.07.2019;EPWA-EPOK;PMM
EMB-175;26.07.2019;WAW-WRO-WAW;PMM
CASA;29.07.2019;EPOK-EPWA;PMM
Gulfstream G-550;02.08.2019;EPWA-EPKT;PMM
EMB-175;05.08.2019;WAW-KTW-WAW;PMM
